
--A CONTINUACION TENEMOS LAS SENTENCIAS INSERT PARA INSERTAR LOS DATOS EN CADA TABLA 

USE CINEPRUEBA;

--TABLA CLASIFICACION
INSERT INTO CLASIFICACION (DESCRIPCION) VALUES ('AA');
INSERT INTO CLASIFICACION (DESCRIPCION) VALUES ('A');
INSERT INTO CLASIFICACION (DESCRIPCION) VALUES ('PG');
INSERT INTO CLASIFICACION (DESCRIPCION) VALUES ('B');
INSERT INTO CLASIFICACION (DESCRIPCION) VALUES ('C');

--TABLA GENERO
INSERT INTO GENERO (DESCRIPCION) VALUES ('DRAMA');
INSERT INTO GENERO (DESCRIPCION) VALUES ('COMEDIA');
INSERT INTO GENERO (DESCRIPCION) VALUES ('AVENTURA');
INSERT INTO GENERO (DESCRIPCION) VALUES ('CIENCIA FICCION');
INSERT INTO GENERO (DESCRIPCION) VALUES ('HISTORICA');
INSERT INTO GENERO (DESCRIPCION) VALUES ('SUSPENSO');
INSERT INTO GENERO (DESCRIPCION) VALUES ('TERROR');
INSERT INTO GENERO (DESCRIPCION) VALUES ('ANIMADA');
INSERT INTO GENERO (DESCRIPCION) VALUES ('MUSICAL');

--TABLA IDIOMA
INSERT INTO IDIOMA (DESCRIPCION) VALUES ('INGLÉS SUBTITULADA');
INSERT INTO IDIOMA (DESCRIPCION) VALUES ('ESPAÑOL');
INSERT INTO IDIOMA (DESCRIPCION) VALUES ('FRANCÉS SUBTITULADA');

--TABLA TIPO_SALA
INSERT INTO TIPO_SALA (DESCRIPCION) VALUES ('NORMAL');
INSERT INTO TIPO_SALA (DESCRIPCION) VALUES ('3D');
INSERT INTO TIPO_SALA (DESCRIPCION) VALUES ('4D');
INSERT INTO TIPO_SALA (DESCRIPCION) VALUES ('IMAX');
INSERT INTO TIPO_SALA (DESCRIPCION) VALUES ('VIP');

--TABLA SALA, PARA CADA SALA SE ASIGNA UN TIPO_SALA, POR ESO HAY REPETICION
INSERT INTO SALA (ID_TIPO_SALA) VALUES (1);
INSERT INTO SALA (ID_TIPO_SALA) VALUES (1);
INSERT INTO SALA (ID_TIPO_SALA) VALUES (1);
INSERT INTO SALA (ID_TIPO_SALA) VALUES (1);
INSERT INTO SALA (ID_TIPO_SALA) VALUES (1);
INSERT INTO SALA (ID_TIPO_SALA) VALUES (2);
INSERT INTO SALA (ID_TIPO_SALA) VALUES (2);
INSERT INTO SALA (ID_TIPO_SALA) VALUES (3);
INSERT INTO SALA (ID_TIPO_SALA) VALUES (4);
INSERT INTO SALA (ID_TIPO_SALA) VALUES (5);
INSERT INTO SALA (ID_TIPO_SALA) VALUES (5);
INSERT INTO SALA (ID_TIPO_SALA) VALUES (5);

--TABLA PELICULA
INSERT INTO PELICULA (NOMBRE, ID_GENERO, ID_CLASIFICACION, DURACION)
VALUES ('ZOOTOPIA', 8, 1, 90);
INSERT INTO PELICULA (NOMBRE, ID_GENERO, ID_CLASIFICACION, DURACION)
VALUES ('CONJURO2', 6, 4, 120);
INSERT INTO PELICULA (NOMBRE, ID_GENERO, ID_CLASIFICACION, DURACION)
VALUES ('RESURRECCION DE CRISTO', 5, 3, 120);
INSERT INTO PELICULA (NOMBRE, ID_GENERO, ID_CLASIFICACION, DURACION)
VALUES ('DIOSES DE EGIPTO', 3, 2, 120);
INSERT INTO PELICULA (NOMBRE, ID_GENERO, ID_CLASIFICACION, DURACION)
VALUES ('AMIGOS', 1, 3, 120);
INSERT INTO PELICULA (NOMBRE, ID_GENERO, ID_CLASIFICACION, DURACION)
VALUES ('EL HOBBIT 3', 4, 2, 150);
INSERT INTO PELICULA (NOMBRE, ID_GENERO, ID_CLASIFICACION, DURACION)
VALUES ('LA CHICA DANESA', 1, 4, 90);
INSERT INTO PELICULA (NOMBRE, ID_GENERO, ID_CLASIFICACION, DURACION)
VALUES ('BEN HUR', 5, 2, 150);
INSERT INTO PELICULA (NOMBRE, ID_GENERO, ID_CLASIFICACION, DURACION)
VALUES ('EL CODIGO ENIGMA', 1, 3, 120);
INSERT INTO PELICULA (NOMBRE, ID_GENERO, ID_CLASIFICACION, DURACION)
VALUES ('POR SIEMPRE ALICE', 1, 3, 90);
INSERT INTO PELICULA (NOMBRE, ID_GENERO, ID_CLASIFICACION, DURACION)
VALUES ('A EL NO LE GUSTAS TANTO', 2, 3, 90);
INSERT INTO PELICULA (NOMBRE, ID_GENERO, ID_CLASIFICACION, DURACION)
VALUES ('MINIONS', 8, 1, 90);
INSERT INTO PELICULA (NOMBRE, ID_GENERO, ID_CLASIFICACION, DURACION)
VALUES ('LA LA LAND', 9, 3, 90);
INSERT INTO PELICULA (NOMBRE, ID_GENERO, ID_CLASIFICACION, DURACION)
VALUES ('EL REVENANT', 3, 3, 120);
INSERT INTO PELICULA (NOMBRE, ID_GENERO, ID_CLASIFICACION, DURACION)
VALUES ('MOON LIGHT', 1, 4, 120);


-- TABLA FUNCION
INSERT INTO FUNCION (ID_PELICULA, ID_IDIOMA) VALUES (1, 1); -- ZOOTOPIA
INSERT INTO FUNCION (ID_PELICULA, ID_IDIOMA) VALUES (2, 1); -- CONJURO INGLES
INSERT INTO FUNCION (ID_PELICULA, ID_IDIOMA) VALUES (2, 2); -- CONJURO ESPAÑOL
INSERT INTO FUNCION (ID_PELICULA, ID_IDIOMA) VALUES (3, 1); -- RESURRECCION DE CRISTO
INSERT INTO FUNCION (ID_PELICULA, ID_IDIOMA) VALUES (4, 1); -- DIOSES DE EGIPTO INGLES
INSERT INTO FUNCION (ID_PELICULA, ID_IDIOMA) VALUES (4, 2); -- DIOSES DE EGIPTO ESPAÑOL
INSERT INTO FUNCION (ID_PELICULA, ID_IDIOMA) VALUES (5, 3); -- AMIGOS
INSERT INTO FUNCION (ID_PELICULA, ID_IDIOMA) VALUES (6, 1); -- EL HOBBIT 3 INGLES
INSERT INTO FUNCION (ID_PELICULA, ID_IDIOMA) VALUES (6, 2); -- EL HOBBIT 3 ESPAÑOL
INSERT INTO FUNCION (ID_PELICULA, ID_IDIOMA) VALUES (7, 1); -- LA CHICA DANESA
INSERT INTO FUNCION (ID_PELICULA, ID_IDIOMA) VALUES (8, 1); -- BEN HUR
INSERT INTO FUNCION (ID_PELICULA, ID_IDIOMA) VALUES (9, 1); -- EL CODIGO ENIGMA
INSERT INTO FUNCION (ID_PELICULA, ID_IDIOMA) VALUES (10, 1); -- POR SIEMPRE ALICE
INSERT INTO FUNCION (ID_PELICULA, ID_IDIOMA) VALUES (11, 1); -- A EL NO LE GUSTAS TANTO
INSERT INTO FUNCION (ID_PELICULA, ID_IDIOMA) VALUES (12, 2); -- MINIONS
INSERT INTO FUNCION (ID_PELICULA, ID_IDIOMA) VALUES (13, 1); -- LA LA LAND
INSERT INTO FUNCION (ID_PELICULA, ID_IDIOMA) VALUES (14, 1); -- EL REVENANT
INSERT INTO FUNCION (ID_PELICULA, ID_IDIOMA) VALUES (15, 1);  -- MOON LIGHT

-- TABLA PELICULA_SALA 
INSERT INTO PELICULA_SALA (ID_FUNCION, ID_SALA, FECHA_ENTRADA, FECHA_SALIDA)
VALUES ( 1, 1, '2017-02-01', NULL); -- ZOOTOPIA
INSERT INTO PELICULA_SALA (ID_FUNCION, ID_SALA, FECHA_ENTRADA, FECHA_SALIDA)
VALUES ( 2, 2, '2017-02-10', NULL); -- CONJURO 2
INSERT INTO PELICULA_SALA (ID_FUNCION, ID_SALA, FECHA_ENTRADA, FECHA_SALIDA)
VALUES ( 3, 2, '2017-02-10', NULL); -- CONJURO 2
INSERT INTO PELICULA_SALA (ID_FUNCION, ID_SALA, FECHA_ENTRADA, FECHA_SALIDA)
VALUES ( 4, 3, '2017-02-15', '2017-02-25'); -- RESURRECCION DE CRISTO
INSERT INTO PELICULA_SALA (ID_FUNCION, ID_SALA, FECHA_ENTRADA, FECHA_SALIDA)
VALUES ( 5, 4, '2017-02-15', '2017-02-25'); -- DIOSES DE EGIPTO
INSERT INTO PELICULA_SALA (ID_FUNCION, ID_SALA, FECHA_ENTRADA, FECHA_SALIDA)
VALUES ( 6, 4, '2017-02-15', '2017-02-25'); -- DIOSES DE EGIPTP
INSERT INTO PELICULA_SALA (ID_FUNCION, ID_SALA, FECHA_ENTRADA, FECHA_SALIDA)
VALUES ( 7, 5, '2017-02-12', '2017-02-28'); -- AMIGOS
INSERT INTO PELICULA_SALA (ID_FUNCION, ID_SALA, FECHA_ENTRADA, FECHA_SALIDA)
VALUES ( 8, 6, '2017-02-15', '2017-02-25'); -- HOBBIT 3
INSERT INTO PELICULA_SALA (ID_FUNCION, ID_SALA, FECHA_ENTRADA, FECHA_SALIDA)
VALUES ( 9, 6, '2017-02-15', '2017-02-25'); -- HOBBIT 2
INSERT INTO PELICULA_SALA (ID_FUNCION, ID_SALA, FECHA_ENTRADA, FECHA_SALIDA)
VALUES ( 10, 7, '2017-02-25', NULL); -- LA CHICA DANESA
INSERT INTO PELICULA_SALA (ID_FUNCION, ID_SALA, FECHA_ENTRADA, FECHA_SALIDA)
VALUES ( 11, 9, '2017-02-27', NULL);  -- BEN HUR
INSERT INTO PELICULA_SALA (ID_FUNCION, ID_SALA, FECHA_ENTRADA, FECHA_SALIDA)
VALUES ( 12, 10, '2017-02-15', NULL); -- EL CODIGO ENIGMA
INSERT INTO PELICULA_SALA (ID_FUNCION, ID_SALA, FECHA_ENTRADA, FECHA_SALIDA)
VALUES ( 13, 11, '2017-02-10', '2017-02-28'); -- POR SIEMPRE ALICE
INSERT INTO PELICULA_SALA (ID_FUNCION, ID_SALA, FECHA_ENTRADA, FECHA_SALIDA)
VALUES ( 14, 11, '2017-02-15', '2017-02-20');  -- A EL NO LE GUSTAS TANTO
INSERT INTO PELICULA_SALA (ID_FUNCION, ID_SALA, FECHA_ENTRADA, FECHA_SALIDA)
VALUES ( 15, 11, '2017-02-28', NULL);  -- MINIONS
INSERT INTO PELICULA_SALA (ID_FUNCION, ID_SALA, FECHA_ENTRADA, FECHA_SALIDA)
VALUES ( 16, 12, '2017-02-26', NULL);  -- LA LA LAND
INSERT INTO PELICULA_SALA (ID_FUNCION, ID_SALA, FECHA_ENTRADA, FECHA_SALIDA)
VALUES ( 17, 12, '2017-02-01', '2017-02-15');  -- EL REVENANT
INSERT INTO PELICULA_SALA (ID_FUNCION, ID_SALA, FECHA_ENTRADA, FECHA_SALIDA)
VALUES ( 18, 12, '2017-02-28', NULL);  -- MOON LIGHT


-- TABLA TIPO CLIENTE
INSERT INTO TIPO_CLIENTE (DESCRIPCION) VALUES ('ORDINARIO');
INSERT INTO TIPO_CLIENTE (DESCRIPCION) VALUES ('CINEFILO FRECUENTE');


-- USAR EXCEL PARA IMPORTAR CLIENTES

-- INSERTAR BOLETOS

-- CLIENTE 1 AL 3
INSERT INTO BOLETO (FECHA, ID_CLIENTE, ID_FUNCION, ID_SALA) VALUES ('2017-02-01', 1, 1, 1);
INSERT INTO BOLETO (FECHA, ID_CLIENTE, ID_FUNCION, ID_SALA) VALUES ('2017-02-05', 1, 2, 2);
INSERT INTO BOLETO (FECHA, ID_CLIENTE, ID_FUNCION, ID_SALA) VALUES ('2017-02-10', 1, 4, 3);
INSERT INTO BOLETO (FECHA, ID_CLIENTE, ID_FUNCION, ID_SALA) VALUES ('2017-02-20', 1, 5, 4);
INSERT INTO BOLETO (FECHA, ID_CLIENTE, ID_FUNCION, ID_SALA) VALUES ('2017-02-15', 1, 7, 5);

INSERT INTO BOLETO (FECHA, ID_CLIENTE, ID_FUNCION, ID_SALA) VALUES ('2017-02-01', 2, 1, 1);
INSERT INTO BOLETO (FECHA, ID_CLIENTE, ID_FUNCION, ID_SALA) VALUES ('2017-02-05', 2, 2, 2);
INSERT INTO BOLETO (FECHA, ID_CLIENTE, ID_FUNCION, ID_SALA) VALUES ('2017-02-10', 2, 4, 3);
INSERT INTO BOLETO (FECHA, ID_CLIENTE, ID_FUNCION, ID_SALA) VALUES ('2017-02-20', 2, 5, 4);
INSERT INTO BOLETO (FECHA, ID_CLIENTE, ID_FUNCION, ID_SALA) VALUES ('2017-02-15', 2, 7, 5);

INSERT INTO BOLETO (FECHA, ID_CLIENTE, ID_FUNCION, ID_SALA) VALUES ('2017-02-01', 3, 1, 1);
INSERT INTO BOLETO (FECHA, ID_CLIENTE, ID_FUNCION, ID_SALA) VALUES ('2017-02-05', 3, 2, 2);
INSERT INTO BOLETO (FECHA, ID_CLIENTE, ID_FUNCION, ID_SALA) VALUES ('2017-02-10', 3, 4, 3);
INSERT INTO BOLETO (FECHA, ID_CLIENTE, ID_FUNCION, ID_SALA) VALUES ('2017-02-20', 3, 5, 4);
INSERT INTO BOLETO (FECHA, ID_CLIENTE, ID_FUNCION, ID_SALA) VALUES ('2017-02-15', 3, 7, 5);

-- CLIENTE 4 AL 6
INSERT INTO BOLETO (FECHA, ID_CLIENTE, ID_FUNCION, ID_SALA) VALUES ('2017-02-15', 4, 2, 2);
INSERT INTO BOLETO (FECHA, ID_CLIENTE, ID_FUNCION, ID_SALA) VALUES ('2017-02-24', 4, 4, 3);
INSERT INTO BOLETO (FECHA, ID_CLIENTE, ID_FUNCION, ID_SALA) VALUES ('2017-02-25', 4, 5, 4);
INSERT INTO BOLETO (FECHA, ID_CLIENTE, ID_FUNCION, ID_SALA) VALUES ('2017-02-20', 4, 7, 5);
INSERT INTO BOLETO (FECHA, ID_CLIENTE, ID_FUNCION, ID_SALA) VALUES ('2017-02-16', 4, 8, 6);

INSERT INTO BOLETO (FECHA, ID_CLIENTE, ID_FUNCION, ID_SALA) VALUES ('2017-02-15', 5, 2, 2);
INSERT INTO BOLETO (FECHA, ID_CLIENTE, ID_FUNCION, ID_SALA) VALUES ('2017-02-24', 5, 4, 3);
INSERT INTO BOLETO (FECHA, ID_CLIENTE, ID_FUNCION, ID_SALA) VALUES ('2017-02-25', 5, 5, 4);
INSERT INTO BOLETO (FECHA, ID_CLIENTE, ID_FUNCION, ID_SALA) VALUES ('2017-02-20', 5, 7, 5);
INSERT INTO BOLETO (FECHA, ID_CLIENTE, ID_FUNCION, ID_SALA) VALUES ('2017-02-16', 5, 8, 6);

INSERT INTO BOLETO (FECHA, ID_CLIENTE, ID_FUNCION, ID_SALA) VALUES ('2017-02-15', 6, 2, 2);
INSERT INTO BOLETO (FECHA, ID_CLIENTE, ID_FUNCION, ID_SALA) VALUES ('2017-02-24', 6, 4, 3);
INSERT INTO BOLETO (FECHA, ID_CLIENTE, ID_FUNCION, ID_SALA) VALUES ('2017-02-25', 6, 5, 4);
INSERT INTO BOLETO (FECHA, ID_CLIENTE, ID_FUNCION, ID_SALA) VALUES ('2017-02-20', 6, 7, 5);
INSERT INTO BOLETO (FECHA, ID_CLIENTE, ID_FUNCION, ID_SALA) VALUES ('2017-02-16', 6, 8, 6);

-- CLIENTE 7 A 10
INSERT INTO BOLETO (FECHA, ID_CLIENTE, ID_FUNCION, ID_SALA) VALUES ('2017-02-15', 7, 4, 3);
INSERT INTO BOLETO (FECHA, ID_CLIENTE, ID_FUNCION, ID_SALA) VALUES ('2017-02-17', 7, 5, 4);
INSERT INTO BOLETO (FECHA, ID_CLIENTE, ID_FUNCION, ID_SALA) VALUES ('2017-02-20', 7, 7, 5);
INSERT INTO BOLETO (FECHA, ID_CLIENTE, ID_FUNCION, ID_SALA) VALUES ('2017-02-22', 7, 8, 6);
INSERT INTO BOLETO (FECHA, ID_CLIENTE, ID_FUNCION, ID_SALA) VALUES ('2017-02-27', 7, 10, 7);
INSERT INTO BOLETO (FECHA, ID_CLIENTE, ID_FUNCION, ID_SALA) VALUES ('2017-02-28', 7, 11, 9);

INSERT INTO BOLETO (FECHA, ID_CLIENTE, ID_FUNCION, ID_SALA) VALUES ('2017-02-15', 8, 4, 3);
INSERT INTO BOLETO (FECHA, ID_CLIENTE, ID_FUNCION, ID_SALA) VALUES ('2017-02-17', 8, 5, 4);
INSERT INTO BOLETO (FECHA, ID_CLIENTE, ID_FUNCION, ID_SALA) VALUES ('2017-02-20', 8, 7, 5);
INSERT INTO BOLETO (FECHA, ID_CLIENTE, ID_FUNCION, ID_SALA) VALUES ('2017-02-22', 8, 8, 6);
INSERT INTO BOLETO (FECHA, ID_CLIENTE, ID_FUNCION, ID_SALA) VALUES ('2017-02-27', 8, 10, 7);
INSERT INTO BOLETO (FECHA, ID_CLIENTE, ID_FUNCION, ID_SALA) VALUES ('2017-02-28', 8, 11, 9);

INSERT INTO BOLETO (FECHA, ID_CLIENTE, ID_FUNCION, ID_SALA) VALUES ('2017-02-15', 9, 4, 3);
INSERT INTO BOLETO (FECHA, ID_CLIENTE, ID_FUNCION, ID_SALA) VALUES ('2017-02-17', 9, 5, 4);
INSERT INTO BOLETO (FECHA, ID_CLIENTE, ID_FUNCION, ID_SALA) VALUES ('2017-02-20', 9, 7, 5);
INSERT INTO BOLETO (FECHA, ID_CLIENTE, ID_FUNCION, ID_SALA) VALUES ('2017-02-22', 9, 8, 6);
INSERT INTO BOLETO (FECHA, ID_CLIENTE, ID_FUNCION, ID_SALA) VALUES ('2017-02-27', 9, 10, 7);
INSERT INTO BOLETO (FECHA, ID_CLIENTE, ID_FUNCION, ID_SALA) VALUES ('2017-02-28', 9, 11, 9);

INSERT INTO BOLETO (FECHA, ID_CLIENTE, ID_FUNCION, ID_SALA) VALUES ('2017-02-15', 10, 4, 3);
INSERT INTO BOLETO (FECHA, ID_CLIENTE, ID_FUNCION, ID_SALA) VALUES ('2017-02-17', 10, 5, 4);
INSERT INTO BOLETO (FECHA, ID_CLIENTE, ID_FUNCION, ID_SALA) VALUES ('2017-02-20', 10, 7, 5);
INSERT INTO BOLETO (FECHA, ID_CLIENTE, ID_FUNCION, ID_SALA) VALUES ('2017-02-22', 10, 8, 6);
INSERT INTO BOLETO (FECHA, ID_CLIENTE, ID_FUNCION, ID_SALA) VALUES ('2017-02-27', 10, 10, 7);
INSERT INTO BOLETO (FECHA, ID_CLIENTE, ID_FUNCION, ID_SALA) VALUES ('2017-02-28', 10, 11, 9);

-- CLIENTE 16
INSERT INTO BOLETO (FECHA, ID_CLIENTE, ID_FUNCION, ID_SALA) VALUES ('2017-02-01', 16, 1, 1);
INSERT INTO BOLETO (FECHA, ID_CLIENTE, ID_FUNCION, ID_SALA) VALUES ('2017-02-05', 16, 2, 2);
INSERT INTO BOLETO (FECHA, ID_CLIENTE, ID_FUNCION, ID_SALA) VALUES ('2017-02-10', 16, 4, 3);
INSERT INTO BOLETO (FECHA, ID_CLIENTE, ID_FUNCION, ID_SALA) VALUES ('2017-02-20', 16, 5, 4);
INSERT INTO BOLETO (FECHA, ID_CLIENTE, ID_FUNCION, ID_SALA) VALUES ('2017-02-15', 16, 7, 5);
INSERT INTO BOLETO (FECHA, ID_CLIENTE, ID_FUNCION, ID_SALA) VALUES ('2017-02-15', 16, 2, 2);
INSERT INTO BOLETO (FECHA, ID_CLIENTE, ID_FUNCION, ID_SALA) VALUES ('2017-02-24', 16, 4, 3);
INSERT INTO BOLETO (FECHA, ID_CLIENTE, ID_FUNCION, ID_SALA) VALUES ('2017-02-25', 16, 5, 4);
INSERT INTO BOLETO (FECHA, ID_CLIENTE, ID_FUNCION, ID_SALA) VALUES ('2017-02-20', 16, 7, 5);
INSERT INTO BOLETO (FECHA, ID_CLIENTE, ID_FUNCION, ID_SALA) VALUES ('2017-02-16', 16, 8, 6);
INSERT INTO BOLETO (FECHA, ID_CLIENTE, ID_FUNCION, ID_SALA) VALUES ('2017-02-15', 16, 4, 3);
INSERT INTO BOLETO (FECHA, ID_CLIENTE, ID_FUNCION, ID_SALA) VALUES ('2017-02-17', 16, 5, 4);
INSERT INTO BOLETO (FECHA, ID_CLIENTE, ID_FUNCION, ID_SALA) VALUES ('2017-02-20', 16, 7, 5);
INSERT INTO BOLETO (FECHA, ID_CLIENTE, ID_FUNCION, ID_SALA) VALUES ('2017-02-22', 16, 8, 6);
INSERT INTO BOLETO (FECHA, ID_CLIENTE, ID_FUNCION, ID_SALA) VALUES ('2017-02-27', 16, 10, 7);
INSERT INTO BOLETO (FECHA, ID_CLIENTE, ID_FUNCION, ID_SALA) VALUES ('2017-02-28', 16, 11, 9);
INSERT INTO BOLETO (FECHA, ID_CLIENTE, ID_FUNCION, ID_SALA) VALUES ('2017-02-15', 16, 12, 10);
INSERT INTO BOLETO (FECHA, ID_CLIENTE, ID_FUNCION, ID_SALA) VALUES ('2017-02-20', 16, 13, 11);
INSERT INTO BOLETO (FECHA, ID_CLIENTE, ID_FUNCION, ID_SALA) VALUES ('2017-02-26', 16, 16, 12);
INSERT INTO BOLETO (FECHA, ID_CLIENTE, ID_FUNCION, ID_SALA) VALUES ('2017-02-10', 16, 17, 12);
INSERT INTO BOLETO (FECHA, ID_CLIENTE, ID_FUNCION, ID_SALA) VALUES ('2017-02-28', 16, 18, 12);

-- CLIENTES 25 AL 30
INSERT INTO BOLETO (FECHA, ID_CLIENTE, ID_FUNCION, ID_SALA) VALUES ('2017-02-01', 25, 1, 1);
INSERT INTO BOLETO (FECHA, ID_CLIENTE, ID_FUNCION, ID_SALA) VALUES ('2017-02-10', 25, 2, 2);
INSERT INTO BOLETO (FECHA, ID_CLIENTE, ID_FUNCION, ID_SALA) VALUES ('2017-02-15', 25, 3, 2);
INSERT INTO BOLETO (FECHA, ID_CLIENTE, ID_FUNCION, ID_SALA) VALUES ('2017-02-10', 25, 4, 3);
INSERT INTO BOLETO (FECHA, ID_CLIENTE, ID_FUNCION, ID_SALA) VALUES ('2017-02-10', 25, 4, 3);
INSERT INTO BOLETO (FECHA, ID_CLIENTE, ID_FUNCION, ID_SALA) VALUES ('2017-02-10', 25, 4, 3);
INSERT INTO BOLETO (FECHA, ID_CLIENTE, ID_FUNCION, ID_SALA) VALUES ('2017-02-10', 25, 4, 3);
INSERT INTO BOLETO (FECHA, ID_CLIENTE, ID_FUNCION, ID_SALA) VALUES ('2017-02-20', 25, 8, 6);
INSERT INTO BOLETO (FECHA, ID_CLIENTE, ID_FUNCION, ID_SALA) VALUES ('2017-02-20', 25, 8, 6);
INSERT INTO BOLETO (FECHA, ID_CLIENTE, ID_FUNCION, ID_SALA) VALUES ('2017-02-17', 25, 12, 10);
INSERT INTO BOLETO (FECHA, ID_CLIENTE, ID_FUNCION, ID_SALA) VALUES ('2017-02-28', 25, 15, 11);
INSERT INTO BOLETO (FECHA, ID_CLIENTE, ID_FUNCION, ID_SALA) VALUES ('2017-02-28', 25, 15, 11);
INSERT INTO BOLETO (FECHA, ID_CLIENTE, ID_FUNCION, ID_SALA) VALUES ('2017-02-28', 25, 15, 11);
INSERT INTO BOLETO (FECHA, ID_CLIENTE, ID_FUNCION, ID_SALA) VALUES ('2017-02-28', 25, 15, 11);
INSERT INTO BOLETO (FECHA, ID_CLIENTE, ID_FUNCION, ID_SALA) VALUES ('2017-02-28', 25, 18, 12);
INSERT INTO BOLETO (FECHA, ID_CLIENTE, ID_FUNCION, ID_SALA) VALUES ('2017-02-28', 25, 18, 12);

INSERT INTO BOLETO (FECHA, ID_CLIENTE, ID_FUNCION, ID_SALA) VALUES ('2017-02-01', 26, 1, 1);
INSERT INTO BOLETO (FECHA, ID_CLIENTE, ID_FUNCION, ID_SALA) VALUES ('2017-02-10', 26, 2, 2);
INSERT INTO BOLETO (FECHA, ID_CLIENTE, ID_FUNCION, ID_SALA) VALUES ('2017-02-15', 26, 3, 2);
INSERT INTO BOLETO (FECHA, ID_CLIENTE, ID_FUNCION, ID_SALA) VALUES ('2017-02-10', 26, 4, 3);
INSERT INTO BOLETO (FECHA, ID_CLIENTE, ID_FUNCION, ID_SALA) VALUES ('2017-02-10', 26, 4, 3);
INSERT INTO BOLETO (FECHA, ID_CLIENTE, ID_FUNCION, ID_SALA) VALUES ('2017-02-10', 26, 4, 3);
INSERT INTO BOLETO (FECHA, ID_CLIENTE, ID_FUNCION, ID_SALA) VALUES ('2017-02-10', 26, 4, 3);
INSERT INTO BOLETO (FECHA, ID_CLIENTE, ID_FUNCION, ID_SALA) VALUES ('2017-02-20', 26, 8, 6);
INSERT INTO BOLETO (FECHA, ID_CLIENTE, ID_FUNCION, ID_SALA) VALUES ('2017-02-20', 26, 8, 6);
INSERT INTO BOLETO (FECHA, ID_CLIENTE, ID_FUNCION, ID_SALA) VALUES ('2017-02-17', 26, 12, 10);
INSERT INTO BOLETO (FECHA, ID_CLIENTE, ID_FUNCION, ID_SALA) VALUES ('2017-02-28', 26, 15, 11);
INSERT INTO BOLETO (FECHA, ID_CLIENTE, ID_FUNCION, ID_SALA) VALUES ('2017-02-28', 26, 15, 11);
INSERT INTO BOLETO (FECHA, ID_CLIENTE, ID_FUNCION, ID_SALA) VALUES ('2017-02-28', 26, 15, 11);
INSERT INTO BOLETO (FECHA, ID_CLIENTE, ID_FUNCION, ID_SALA) VALUES ('2017-02-28', 26, 15, 11);
INSERT INTO BOLETO (FECHA, ID_CLIENTE, ID_FUNCION, ID_SALA) VALUES ('2017-02-28', 26, 18, 12);
INSERT INTO BOLETO (FECHA, ID_CLIENTE, ID_FUNCION, ID_SALA) VALUES ('2017-02-28', 26, 18, 12);

INSERT INTO BOLETO (FECHA, ID_CLIENTE, ID_FUNCION, ID_SALA) VALUES ('2017-02-01', 27, 1, 1);
INSERT INTO BOLETO (FECHA, ID_CLIENTE, ID_FUNCION, ID_SALA) VALUES ('2017-02-10', 27, 2, 2);
INSERT INTO BOLETO (FECHA, ID_CLIENTE, ID_FUNCION, ID_SALA) VALUES ('2017-02-15', 27, 3, 2);
INSERT INTO BOLETO (FECHA, ID_CLIENTE, ID_FUNCION, ID_SALA) VALUES ('2017-02-10', 27, 4, 3);
INSERT INTO BOLETO (FECHA, ID_CLIENTE, ID_FUNCION, ID_SALA) VALUES ('2017-02-10', 27, 4, 3);
INSERT INTO BOLETO (FECHA, ID_CLIENTE, ID_FUNCION, ID_SALA) VALUES ('2017-02-10', 27, 4, 3);
INSERT INTO BOLETO (FECHA, ID_CLIENTE, ID_FUNCION, ID_SALA) VALUES ('2017-02-10', 27, 4, 3);
INSERT INTO BOLETO (FECHA, ID_CLIENTE, ID_FUNCION, ID_SALA) VALUES ('2017-02-20', 27, 8, 6);
INSERT INTO BOLETO (FECHA, ID_CLIENTE, ID_FUNCION, ID_SALA) VALUES ('2017-02-20', 27, 8, 6);
INSERT INTO BOLETO (FECHA, ID_CLIENTE, ID_FUNCION, ID_SALA) VALUES ('2017-02-17', 27, 12, 10);
INSERT INTO BOLETO (FECHA, ID_CLIENTE, ID_FUNCION, ID_SALA) VALUES ('2017-02-28', 27, 15, 11);
INSERT INTO BOLETO (FECHA, ID_CLIENTE, ID_FUNCION, ID_SALA) VALUES ('2017-02-28', 27, 15, 11);
INSERT INTO BOLETO (FECHA, ID_CLIENTE, ID_FUNCION, ID_SALA) VALUES ('2017-02-28', 27, 15, 11);
INSERT INTO BOLETO (FECHA, ID_CLIENTE, ID_FUNCION, ID_SALA) VALUES ('2017-02-28', 27, 15, 11);
INSERT INTO BOLETO (FECHA, ID_CLIENTE, ID_FUNCION, ID_SALA) VALUES ('2017-02-28', 27, 18, 12);
INSERT INTO BOLETO (FECHA, ID_CLIENTE, ID_FUNCION, ID_SALA) VALUES ('2017-02-28', 27, 18, 12);

INSERT INTO BOLETO (FECHA, ID_CLIENTE, ID_FUNCION, ID_SALA) VALUES ('2017-02-01', 28, 1, 1);
INSERT INTO BOLETO (FECHA, ID_CLIENTE, ID_FUNCION, ID_SALA) VALUES ('2017-02-10', 28, 2, 2);
INSERT INTO BOLETO (FECHA, ID_CLIENTE, ID_FUNCION, ID_SALA) VALUES ('2017-02-15', 28, 3, 2);
INSERT INTO BOLETO (FECHA, ID_CLIENTE, ID_FUNCION, ID_SALA) VALUES ('2017-02-10', 28, 4, 3);
INSERT INTO BOLETO (FECHA, ID_CLIENTE, ID_FUNCION, ID_SALA) VALUES ('2017-02-10', 28, 4, 3);
INSERT INTO BOLETO (FECHA, ID_CLIENTE, ID_FUNCION, ID_SALA) VALUES ('2017-02-10', 28, 4, 3);
INSERT INTO BOLETO (FECHA, ID_CLIENTE, ID_FUNCION, ID_SALA) VALUES ('2017-02-10', 28, 4, 3);
INSERT INTO BOLETO (FECHA, ID_CLIENTE, ID_FUNCION, ID_SALA) VALUES ('2017-02-20', 28, 8, 6);
INSERT INTO BOLETO (FECHA, ID_CLIENTE, ID_FUNCION, ID_SALA) VALUES ('2017-02-20', 28, 8, 6);
INSERT INTO BOLETO (FECHA, ID_CLIENTE, ID_FUNCION, ID_SALA) VALUES ('2017-02-17', 28, 12, 10);
INSERT INTO BOLETO (FECHA, ID_CLIENTE, ID_FUNCION, ID_SALA) VALUES ('2017-02-28', 28, 15, 11);
INSERT INTO BOLETO (FECHA, ID_CLIENTE, ID_FUNCION, ID_SALA) VALUES ('2017-02-28', 28, 15, 11);
INSERT INTO BOLETO (FECHA, ID_CLIENTE, ID_FUNCION, ID_SALA) VALUES ('2017-02-28', 28, 15, 11);
INSERT INTO BOLETO (FECHA, ID_CLIENTE, ID_FUNCION, ID_SALA) VALUES ('2017-02-28', 28, 15, 11);
INSERT INTO BOLETO (FECHA, ID_CLIENTE, ID_FUNCION, ID_SALA) VALUES ('2017-02-28', 28, 18, 12);
INSERT INTO BOLETO (FECHA, ID_CLIENTE, ID_FUNCION, ID_SALA) VALUES ('2017-02-28', 28, 18, 12);

INSERT INTO BOLETO (FECHA, ID_CLIENTE, ID_FUNCION, ID_SALA) VALUES ('2017-02-01', 29, 1, 1);
INSERT INTO BOLETO (FECHA, ID_CLIENTE, ID_FUNCION, ID_SALA) VALUES ('2017-02-10', 29, 2, 2);
INSERT INTO BOLETO (FECHA, ID_CLIENTE, ID_FUNCION, ID_SALA) VALUES ('2017-02-15', 29, 3, 2);
INSERT INTO BOLETO (FECHA, ID_CLIENTE, ID_FUNCION, ID_SALA) VALUES ('2017-02-10', 29, 4, 3);
INSERT INTO BOLETO (FECHA, ID_CLIENTE, ID_FUNCION, ID_SALA) VALUES ('2017-02-10', 29, 4, 3);
INSERT INTO BOLETO (FECHA, ID_CLIENTE, ID_FUNCION, ID_SALA) VALUES ('2017-02-10', 29, 4, 3);
INSERT INTO BOLETO (FECHA, ID_CLIENTE, ID_FUNCION, ID_SALA) VALUES ('2017-02-10', 29, 4, 3);
INSERT INTO BOLETO (FECHA, ID_CLIENTE, ID_FUNCION, ID_SALA) VALUES ('2017-02-20', 29, 8, 6);
INSERT INTO BOLETO (FECHA, ID_CLIENTE, ID_FUNCION, ID_SALA) VALUES ('2017-02-20', 29, 8, 6);
INSERT INTO BOLETO (FECHA, ID_CLIENTE, ID_FUNCION, ID_SALA) VALUES ('2017-02-17', 29, 12, 10);
INSERT INTO BOLETO (FECHA, ID_CLIENTE, ID_FUNCION, ID_SALA) VALUES ('2017-02-28', 29, 15, 11);
INSERT INTO BOLETO (FECHA, ID_CLIENTE, ID_FUNCION, ID_SALA) VALUES ('2017-02-28', 29, 15, 11);
INSERT INTO BOLETO (FECHA, ID_CLIENTE, ID_FUNCION, ID_SALA) VALUES ('2017-02-28', 29, 15, 11);
INSERT INTO BOLETO (FECHA, ID_CLIENTE, ID_FUNCION, ID_SALA) VALUES ('2017-02-28', 29, 15, 11);
INSERT INTO BOLETO (FECHA, ID_CLIENTE, ID_FUNCION, ID_SALA) VALUES ('2017-02-28', 29, 18, 12);
INSERT INTO BOLETO (FECHA, ID_CLIENTE, ID_FUNCION, ID_SALA) VALUES ('2017-02-28', 29, 18, 12);

INSERT INTO BOLETO (FECHA, ID_CLIENTE, ID_FUNCION, ID_SALA) VALUES ('2017-02-01', 30, 1, 1);
INSERT INTO BOLETO (FECHA, ID_CLIENTE, ID_FUNCION, ID_SALA) VALUES ('2017-02-10', 30, 2, 2);
INSERT INTO BOLETO (FECHA, ID_CLIENTE, ID_FUNCION, ID_SALA) VALUES ('2017-02-15', 30, 3, 2);
INSERT INTO BOLETO (FECHA, ID_CLIENTE, ID_FUNCION, ID_SALA) VALUES ('2017-02-10', 30, 4, 3);
INSERT INTO BOLETO (FECHA, ID_CLIENTE, ID_FUNCION, ID_SALA) VALUES ('2017-02-10', 30, 4, 3);
INSERT INTO BOLETO (FECHA, ID_CLIENTE, ID_FUNCION, ID_SALA) VALUES ('2017-02-10', 30, 4, 3);
INSERT INTO BOLETO (FECHA, ID_CLIENTE, ID_FUNCION, ID_SALA) VALUES ('2017-02-10', 30, 4, 3);
INSERT INTO BOLETO (FECHA, ID_CLIENTE, ID_FUNCION, ID_SALA) VALUES ('2017-02-20', 30, 8, 6);
INSERT INTO BOLETO (FECHA, ID_CLIENTE, ID_FUNCION, ID_SALA) VALUES ('2017-02-20', 30, 8, 6);
INSERT INTO BOLETO (FECHA, ID_CLIENTE, ID_FUNCION, ID_SALA) VALUES ('2017-02-17', 30, 12, 10);
INSERT INTO BOLETO (FECHA, ID_CLIENTE, ID_FUNCION, ID_SALA) VALUES ('2017-02-28', 30, 15, 11);
INSERT INTO BOLETO (FECHA, ID_CLIENTE, ID_FUNCION, ID_SALA) VALUES ('2017-02-28', 30, 15, 11);
INSERT INTO BOLETO (FECHA, ID_CLIENTE, ID_FUNCION, ID_SALA) VALUES ('2017-02-28', 30, 15, 11);
INSERT INTO BOLETO (FECHA, ID_CLIENTE, ID_FUNCION, ID_SALA) VALUES ('2017-02-28', 30, 15, 11);
INSERT INTO BOLETO (FECHA, ID_CLIENTE, ID_FUNCION, ID_SALA) VALUES ('2017-02-28', 30, 18, 12);
INSERT INTO BOLETO (FECHA, ID_CLIENTE, ID_FUNCION, ID_SALA) VALUES ('2017-02-28', 30, 18, 12);




